{
  "model_size": "tiny",
  "world_size": 2,
  "backend": "gloo",
  "device": "cpu",
  "num_parameters": 6837888,
  "gradient_size_mb": 26.08447265625,
  "batch_size_per_rank": 2,
  "total_batch_size": 4,
  "seq_len": 64,
  "num_steps": 20,
  "warmup_steps": 3,
  "step_time_ms": {
    "mean": 282.70235559975845,
    "std": 103.71798481757826,
    "min": 171.86375601158943,
    "max": 536.3233539974317
  },
  "compute_time_ms": {
    "mean": 99.21923650035751,
    "std": 43.03278197671034
  },
  "comm_time_ms": {
    "mean": 111.52260919989203,
    "std": 31.339202618201814
  },
  "optimizer_time_ms": {
    "mean": 71.88943629880669,
    "std": 60.3926502770874
  },
  "comm_proportion_pct": 39.44877253084598,
  "throughput_tokens_per_sec": 905.5460449096405,
  "raw_step_times": [
    202.29879500402603,
    221.04075500101317,
    246.4232189959148,
    223.48167200107127,
    195.57885600079317,
    366.52008499368094,
    323.1007499998668,
    229.64381499332376,
    234.7579679917544,
    294.45960800512694,
    490.97426899243146,
    465.78403099556454,
    264.2854910081951,
    242.1865149954101,
    337.06048800377175,
    536.3233539974317,
    181.69438400946092,
    171.86375601158943,
    201.50453699170612,
    225.06476400303654
  ],
  "raw_comm_times": [
    91.80745499907061,
    137.66249000036623,
    100.17587398760952,
    92.83585000957828,
    80.9217339992756,
    115.6102069944609,
    88.84651699918322,
    98.55019999668002,
    121.02720799157396,
    137.9922979976982,
    153.2450349914143,
    144.26101600110997,
    112.11796500720084,
    74.43856599275023,
    114.49093600094784,
    207.14218700595666,
    104.10178000165615,
    74.6771970007103,
    92.58279400819447,
    87.96487501240335
  ]
}